capture_group,label,imgs_total,imgs_train,imgs_valid,imgs_test,pct_train,pct_valid,pct_test,expected_train_70,expected_valid_20,expected_test_10,dev_train_imgs,dev_valid_imgs,dev_test_imgs,dev_train_pp,dev_valid_pp,dev_test_pp,max_abs_dev_pp,max_abs_dev_imgs,shape,shape_by_pp
20240219,19 Feb 2024,100,100,0,0,100.0,0.0,0.0,70.0,20.0,10.0,30.0,-20.0,-10.0,30.0,-20.0,-10.0,30.0,30.0,train-only,train-only
20240220,20 Feb 2024,486,486,0,0,100.0,0.0,0.0,340.2,97.2,48.6,145.8,-97.2,-48.6,30.0,-20.0,-10.0,30.0,145.8,train-only,train-only
20240228,28 Feb 2024,482,173,266,43,35.89,55.19,8.92,337.4,96.4,48.2,-164.4,169.6,-5.2,-34.11,35.19,-1.08,35.19,169.6,skewed,skewed
20240303,3 Mar 2024,188,55,38,95,29.26,20.21,50.53,131.6,37.6,18.8,-76.6,0.4,76.2,-40.74,0.21,40.53,40.74,76.6,skewed,skewed
20240306,6 Mar 2024,244,172,48,24,70.49,19.67,9.84,170.8,48.8,24.4,1.2,-0.8,-0.4,0.49,-0.33,-0.16,0.49,1.2,near-nominal,near-nominal
20240309,9 Mar 2024,328,230,66,32,70.12,20.12,9.76,229.6,65.6,32.8,0.4,0.4,-0.8,0.12,0.12,-0.24,0.24,0.8,near-nominal,near-nominal
20240417,17 Apr 2024,54,38,10,6,70.37,18.52,11.11,37.8,10.8,5.4,0.2,-0.8,0.6,0.37,-1.48,1.11,1.48,0.8,near-nominal,skewed
20241118,18 Nov 2024,50,35,10,5,70.0,20.0,10.0,35.0,10.0,5.0,0.0,0.0,0.0,0.0,0.0,0.0,0.0,0.0,near-nominal,near-nominal
<untimestamped:counter>,iPhone (no timestamp),189,189,0,0,100.0,0.0,0.0,132.3,37.8,18.9,56.7,-37.8,-18.9,30.0,-20.0,-10.0,30.0,56.7,train-only,train-only
